,keyword,score
0,bitcoins,0.32743590626867997
1,blockchains,0.21727341601400466
2,transaction,0.192514179718482
3,blocks,0.19148792583052754
4,week,0.17655473152675216
5,cryptocurrency,0.163772694430895
6,distributed,0.16088073127028427
7,mines,0.13834116292900703
8,hashed,0.12196279081279533
9,digital,0.10565663172810962
10,values,0.09638664927657835
11,miner,0.09486246975224849
12,network,0.09341056843770171
13,puters,0.08937569659048406
14,cypherpunk,0.08907949973204689
